"keys","en","ro","es","fr","de","it","pt","nl","pl"
"menu.title","Money Quest","Money Quest","","","","","","",""
"menu.start_button","Start","Start","","","","","","",""
"common.continue_button","Continue","Continuă","","","","","","",""
"common.nice_button","Nice!","Grozav!","","","","","","",""
"interaction.talk_prompt","Talk","Vorbește","","","","","","",""
"money.virtual_coins","{amount} virtual coins","{amount} monede virtuale","","","","","","",""
"hud.level_label","Level {level}","Nivel {level}","","","","","","",""
"reward.xp_earned","{amount} XP","{amount} XP","","","","","","",""
"npc.maya.name","Maya","Maya","","","","","","",""
"lesson.builder_saving_l1.sketchbook_label","A sketchbook sits on the shelf.","Un caiet de schițe stă pe raft.","","","","","","",""
"lesson.builder_saving_l1.intro.line1","Maya wants a new sketchbook, but it costs more than her weekly allowance.","Maya își dorește un caiet de schițe nou, dar costă mai mult decât alocația ei săptămânală.","","","","","","",""
"lesson.builder_saving_l1.intro.line2","She could ask for it as a gift, or she could save up and buy it herself.","Ar putea să-l ceară cadou, sau ar putea economisi și să-l cumpere singură.","","","","","","",""
"lesson.builder_saving_l1.intro.line3","Walk over and talk to me to help me decide what to do each week!","Vino și vorbește cu mine ca să mă ajuți să decid ce să fac în fiecare săptămână!","","","","","","",""
"lesson.builder_saving_l1.minigame.intro","Three weeks until you can buy the sketchbook. Each week, what will you do with your allowance?","Mai sunt trei săptămâni până poți cumpăra caietul de schițe. În fiecare săptămână, ce vei face cu alocația ta?","","","","","","",""
"lesson.builder_saving_l1.minigame.week_prompt","This week's allowance has arrived. What do you do?","Alocația de săptămâna aceasta a sosit. Ce faci?","","","","","","",""
"lesson.builder_saving_l1.minigame.option_save","Save all of it toward the sketchbook","Economisește totul pentru caietul de schițe","","","","","","",""
"lesson.builder_saving_l1.minigame.option_treat","Spend a little on a small treat","Cheltuiește puțin pe o mică bunătate","","","","","","",""
"lesson.builder_saving_l1.minigame.consequence_save","You put all of it aside. The sketchbook goal feels closer.","Pui totul deoparte. Obiectivul caietului de schițe pare mai aproape.","","","","","","",""
"lesson.builder_saving_l1.minigame.consequence_treat","You enjoy a small treat, but less goes toward the sketchbook this week.","Te bucuri de o mică bunătate, dar mai puțin merge spre caietul de schițe săptămâna aceasta.","","","","","","",""
"lesson.builder_saving_l1.minigame.outcome_success","Three weeks later, you've saved enough! You buy the sketchbook yourself.","Trei săptămâni mai târziu, ai economisit suficient! Cumperi caietul de schițe singur(ă).","","","","","","",""
"lesson.builder_saving_l1.minigame.outcome_short","You didn't quite reach the goal this time. That's okay, let's see what else you could try.","Nu ai atins chiar obiectivul de data aceasta. Nu-i nimic, hai să vedem ce altceva ai putea încerca.","","","","","","",""
"curriculum.builder-saving-l1.title","Saving for Something Bigger","Economisind pentru ceva mai mare","","","","","","",""
"curriculum.builder-saving-l1.learningObjective","Set a simple savings goal and understand the trade-off between spending now and saving for later.","Stabilirea unui obiectiv simplu de economisire și înțelegerea compromisului dintre a cheltui acum și a economisi pentru mai târziu.","","","","","","",""
"curriculum.builder-saving-l1.keyConcept","Saving toward a specific goal means choosing not to spend on smaller things now, so you can afford something bigger later.","A economisi pentru un obiectiv anume înseamnă a alege să nu cheltuiești pe lucruri mai mici acum, ca să-ți poți permite ceva mai mare mai târziu.","","","","","","",""
"curriculum.builder-saving-l1.explanation","Every time you save instead of spend, you're making a trade-off: a small treat now, or steady progress toward something bigger later. Neither choice is wrong, but naming the trade-off clearly makes it easier to decide on purpose, rather than by accident.","De fiecare dată când economisești în loc să cheltuiești, faci un compromis: o mică bunătate acum, sau un progres constant către ceva mai mare mai târziu. Niciuna dintre alegeri nu este greșită, dar denumirea clară a compromisului face mai ușor să decizi intenționat, nu din întâmplare.","","","","","","",""
"curriculum.builder-saving-l1.rewardMessage","Coins earned for setting a real goal and thinking through how to reach it!","Monede câștigate pentru că ai stabilit un obiectiv real și te-ai gândit cum să-l atingi!","","","","","","",""
"curriculum.builder-saving-l1.vocabulary.0.term","goal","obiectiv","","","","","","",""
"curriculum.builder-saving-l1.vocabulary.0.definition","Something specific you're saving up for","Ceva specific pentru care economisești","","","","","","",""
"curriculum.builder-saving-l1.vocabulary.1.term","trade-off","compromis","","","","","","",""
"curriculum.builder-saving-l1.vocabulary.1.definition","Giving up one thing to get another","A renunța la ceva pentru a obține altceva","","","","","","",""
"curriculum.builder-saving-l1.quiz.question","Maya wants a sketchbook that costs more than one week's allowance. What's her best option if she wants to buy it herself?","Maya își dorește un caiet de schițe care costă mai mult decât alocația unei săptămâni. Care este cea mai bună opțiune a ei dacă vrea să-l cumpere singură?","","","","","","",""
"curriculum.builder-saving-l1.quiz.options.0","Save allowance over several weeks","Să economisească alocația pe mai multe săptămâni","","","","","","",""
"curriculum.builder-saving-l1.quiz.options.1","Spend everything and hope","Să cheltuiască tot și să spere","","","","","","",""
"curriculum.builder-saving-l1.quiz.options.2","Give up on the idea","Să renunțe la idee","","","","","","",""
"curriculum.builder-saving-l1.quiz.options.3","Ask a stranger for money","Să ceară bani unui străin","","","","","","",""
"curriculum.builder-saving-l1.quiz.explanation","Saving a little at a time, over several weeks, is how you reach a goal that costs more than you have in any single week, that's the whole point of a savings goal.","Economisirea puțin câte puțin, pe parcursul mai multor săptămâni, este modul în care atingi un obiectiv care costă mai mult decât ai într-o singură săptămână, acesta este tot rostul unui obiectiv de economisire.","","","","","","",""
"curriculum.builder-saving-l1.feedback.success","Right, small amounts really do add up over time. 📈","Corect, sumele mici chiar se adună în timp. 📈","","","","","","",""
"curriculum.builder-saving-l1.feedback.retry","Think about what Maya could realistically do each week to get closer to her goal.","Gândește-te ce ar putea face Maya în mod realist în fiecare săptămână pentru a se apropia de obiectivul ei.","","","","","","",""
"zone.world_hub.name","World Hub","Hub-ul Lumii","","","","","","",""
"zone.golden_vault.name","Saving Hero","Eroul Economisirii","","","","","","",""
"zone.golden_vault.maya.already_done","You've already helped me save for my sketchbook! Thank you.","M-ai ajutat deja să economisesc pentru caietul meu de schițe! Mulțumesc.","","","","","","",""
"hub.portal.entrepreneur_quest","Entrepreneur Quest","Misiunea Antreprenorului","","","","","","",""
"hub.portal.leadership_quest","Leadership Quest","Misiunea de Lider","","","","","","",""
"hub.portal.library","Library","Biblioteca","","","","","","",""
"hub.portal.museum","Museum","Muzeul","","","","","","",""
"hub.portal.mind_lab","Mind Lab","Laboratorul Minții","","","","","","",""
"hub.portal.calm_world","Calm World","Lumea Calmă","","","","","","",""
"portal.coming_soon","This part of Money Quest World is still being built. Come back soon!","Această parte din Money Quest World este încă în construcție. Revino curând!","","","","","","",""
"quest.builder_saving_l1.title","Saving for Something Bigger","Economisind pentru ceva mai mare","","","","","","",""
"quest.builder_saving_l1.description","Help Maya decide what to do with her allowance each week so she can save enough for a sketchbook.","Ajut-o pe Maya să decidă ce să facă cu alocația ei în fiecare săptămână, ca să economisească suficient pentru un caiet de schițe.","","","","","","",""
"avatar_creation.title","Create Your Explorer","Creează-ți Exploratorul","","","","","","",""
"avatar_creation.preset_label","Choose a look","Alege un aspect","","","","","","",""
"avatar_creation.preset.preset-a","Look A","Aspect A","","","","","","",""
"avatar_creation.preset.preset-b","Look B","Aspect B","","","","","","",""
"avatar_creation.preset.preset-c","Look C","Aspect C","","","","","","",""
"avatar_creation.color_label","Pick your color","Alege-ți culoarea","","","","","","",""
"avatar_creation.accessory_label","Add an accessory (optional)","Adaugă un accesoriu (opțional)","","","","","","",""
"avatar_creation.accessory.none","None","Niciunul","","","","","","",""
"avatar_creation.accessory.glasses","Glasses","Ochelari","","","","","","",""
"avatar_creation.accessory.cap","Cap","Șapcă","","","","","","",""
"zone.idea_lab.name","Idea Lab","Laboratorul de Idei","","","","","","",""
"zone.idea_lab.guide.already_done","We already worked through what to do about that competitor together! Nice thinking.","Am lucrat deja împreună la ce să facem în privința acelui concurent! Gândire bună.","","","","","","",""
"npc.business-guide.name","Business Guide","Ghidul de Afaceri","","","","","","",""
"quest.eq_handle_competition.title","Handle Competition","Gestionează Concurența","","","","","","",""
"quest.eq_handle_competition.description","Think through what to do when another business starts selling something similar to yours.","Gândește-te ce poți face atunci când o altă afacere începe să vândă ceva asemănător cu al tău.","","","","","","",""
"quest.eq_handle_competition.intro","A competitor is another business selling something similar to yours. Almost every business has competitors.","Un concurent este o altă afacere care vinde ceva asemănător cu al tău. Aproape orice afacere are concurenți.","","","","","","",""
"quest.eq_handle_competition.reward_message","Good business owners think through challenges like this instead of guessing.","Antreprenorii buni se gândesc la astfel de provocări în loc să ghicească.","","","","","","",""
"eq.decision.competitor_lower_price.situation","A competitor starts selling something similar to your product, but for less money.","Un concurent începe să vândă ceva asemănător cu produsul tău, dar la un preț mai mic.","","","","","","",""
"eq.decision.competitor_lower_price.choice.lower_price.label","Lower your price to match them","Scade-ți prețul ca să te aliniezi cu ei","","","","","","",""
"eq.decision.competitor_lower_price.choice.lower_price.consequence","More people choose your product again, but you keep less money on each one you sell.","Din nou, mai mulți oameni aleg produsul tău, dar rămâi cu mai puțini bani la fiecare vânzare.","","","","","","",""
"eq.decision.competitor_lower_price.choice.explain_value.label","Keep your price, but explain why your product is worth it","Păstrează-ți prețul, dar explică de ce merită produsul tău","","","","","","",""
"eq.decision.competitor_lower_price.choice.explain_value.consequence","Some customers agree and stay with you. Others still choose the cheaper option.","Unii clienți sunt de acord și rămân cu tine. Alții aleg totuși varianta mai ieftină.","","","","","","",""
"eq.decision.competitor_lower_price.choice.ignore.label","Keep everything exactly the same","Păstrează totul exact la fel","","","","","","",""
"eq.decision.competitor_lower_price.choice.ignore.consequence","A few customers drift toward the cheaper option. Competitors are normal - it often helps to respond somehow.","Câțiva clienți se îndreaptă spre opțiunea mai ieftină. Concurenții sunt normali - de obicei ajută să reacționezi cumva.","","","","","","",""
"zone.leadership_academy.name","Leadership Academy","Academia de Leadership","","","","","","",""
"zone.leadership_academy.priya.already_done","We already talked through what happened with the mistake. Thanks for listening.","Am vorbit deja despre ce s-a întâmplat cu greșeala. Mulțumesc că asculți.","","","","","","",""
"npc.priya.name","Priya","Priya","","","","","","",""
"npc.oren.name","Oren","Oren","","","","","","",""
"quest.lq_big_mistake.title","The Big Mistake","Greșeala Mare","","","","","","",""
"quest.lq_big_mistake.description","Decide how to respond when a teammate makes a mistake in front of everyone.","Decide cum să reacționezi atunci când un coechipier greșește în fața tuturor.","","","","","","",""
"quest.lq_big_mistake.objective","Good leaders help teammates learn from mistakes instead of making them feel worse.","Liderii buni îi ajută pe coechipieri să învețe din greșeli, în loc să-i facă să se simtă și mai rău.","","","","","","",""
"quest.lq_big_mistake.dialogue.0","I... think I sent the wrong version to the customer. The one with all the mistakes in it.","Eu... cred că am trimis clientului varianta greșită. Cea cu toate greșelile în ea.","","","","","","",""
"quest.lq_big_mistake.dialogue.1","Everyone's looking at you.","Toată lumea se uită la tine.","","","","","","",""
"quest.lq_big_mistake.reward_message","How you respond when something goes wrong is a real leadership skill.","Modul în care reacționezi atunci când ceva merge prost este o adevărată abilitate de lider.","","","","","","",""
"lq.decision.big_mistake.situation","Priya made a real mistake, and everyone's watching to see what you'll do.","Priya a făcut o greșeală serioasă, și toată lumea se uită să vadă ce vei face.","","","","","","",""
"lq.decision.big_mistake.choice.blame_publicly.label","Point out the mistake in front of everyone.","Arată greșeala în fața tuturor.","","","","","","",""
"lq.decision.big_mistake.choice.blame_publicly.consequence","The team fixes it quickly - but Priya looks embarrassed, and seems nervous about speaking up again.","Echipa o repară rapid - dar Priya pare stânjenită și pare emoționată să mai vorbească din nou.","","","","","","",""
"lq.decision.big_mistake.choice.fix_it_yourself.label","Quietly fix it yourself and move on.","Repar-o tu însuți, pe tăcute, și mergi mai departe.","","","","","","",""
"lq.decision.big_mistake.choice.fix_it_yourself.consequence","It's sorted fast, but Priya never gets the chance to understand what went wrong.","Se rezolvă repede, dar Priya nu are niciodată ocazia să înțeleagă ce a mers prost.","","","","","","",""
"lq.decision.big_mistake.choice.talk_privately.label","Talk to Priya privately and figure out what happened.","Vorbește cu Priya între patru ochi și află ce s-a întâmplat.","","","","","","",""
"lq.decision.big_mistake.choice.talk_privately.consequence","It takes a bit longer, but Priya feels supported - and is more careful next time.","Durează un pic mai mult, dar Priya se simte sprijinită - și e mai atentă data viitoare.","","","","","","",""
"lq.decision.big_mistake.choice.ignore_it.label","Decide it's not a big deal and ignore it.","Decide că nu e mare lucru și ignoră situația.","","","","","","",""
"lq.decision.big_mistake.choice.ignore_it.consequence","The mistake stays uncorrected, and the customer notices.","Greșeala rămâne necorectată, iar clientul observă.","","","","","","",""
